username,password
helder0.6653360694213305@mail.com,user123
helder0.8873379391153309@mail.com,user123
helder0.10205630323596557@mail.com,user123
helder0.0869507140093503@mail.com,user123